
				{"pages": [
					
									{
									"line" : "|",
									"text" : "Il vescovo di Luni Gualtiero, col consiglio di Gerardo visdomino del fu Alberto, conferma e rinnova agli operarii della corte di Sarzana - nominalmente elencati - alcune concessioni fatte dai suoi predecessori Alberto e Pipino. Nella concessione precedente, fatta dal vescovo Pipino e redatta dal notaio Bartolomeo, si stabiliva che nessuno fosse costretto a ricevere le tasse relative alla caneva, alla castaldia e alla iscaria, a meno che non lo desiderasse e a patto che uno di loro fosse una volta all’anno iscarius, ricevendone in cambio un feudo. I diritti di placitum, districtum, offensiones e amasiamenta rimanevano del vescovo e gli operarii erano tenuti a dare venti moggi di frumento all’anno alla caneva o al granaio e cento congi di vino al palmento e lavorare le bradie e il cafadium, dando metà dei frutti alla curia e consegnandoli alla caneva. Il vescovo doveva dare agli operarii gli animali in soccida e, nel caso non avesse bestie, doveva concedere solo la terza parte delle bradie, col patto che, se ne facevano le stoppie, dovevano consegnarne la terza parte. Gli operarii dovevano inoltre portare il fieno del prato al fienile, mangiando due volte al giorno pane di frumento, vino e formaggio, e dovevano prendere pane e vino, carne, granaglie e biade dalle corti di Soliera, Bolano, Carrara, Luni per portarle a Sarzana o ad Ameglia, mangiando una volta al giorno. In casi peculiari dovevano fare questa raccolta per tutta la diocesi e, nel caso fossero fatte richieste alle comunità, anch’esse dovevano parteciparvi.",
									"tags" : "CI_128|CI 128",
									"loc" : "no_page_info|no_page_info"
									},
								
									{
									"line" : "|",
									"text" : "A differenza del patto precedente Gualtiero stabilisce che gli obblighi relativi al fieno e al recupero di beni dalle corti sopra elencate vengano meno. Il pagamento annuale viene modificato in ventitre moggi, calcolando venti staia per moggio alla misura corrente dello staio, da consegnarsi nel mese di agosto; i congi di vino rimangono cento, ma alla misura corrente del congio. Se qualche straniero si insedia nel podere di un operario deve giurare di dare al vescovo quanto dovuto e di abitare nel castrum di Sarzana. Per la conferma del patto il vescovo riceve un pagamento di venti lire di imperiali, a seguito del quale libera dal pignoramento la curia di Bolano, che era stata presa a pegno da Iuncta de Vallerano.",
									"tags" : "CI_128|CI 128",
									"loc" : "no_page_info|no_page_info"
									},
								
									{
									"line" : "|",
									"text" : "Copia di copia autentica [C] CP c. 214v. - 216r., c. CCVIv.- CCVIIIr. secondo la numerazione originale.",
									"tags" : "CI_128|CI 128",
									"loc" : "no_page_info|no_page_info"
									},
								
									{
									"line" : "|",
									"text" : "Edizione pressoché integrale in: , n. 101, pp. 132-134.",
									"tags" : "CI_128|CI 128",
									"loc" : "no_page_info|no_page_info"
									},
								
									{
									"line" : "|",
									"text" : "",
									"tags" : "CI_128|CI 128",
									"loc" : "no_page_info|no_page_info"
									},
								
									{
									"line" : "CI_p_001|par 1",
									"text" : "De castro SarzaneDe castro Sarzane in inchiostro rosso..",
									"tags" : "CI_128|CI 128",
									"loc" : "fol_214v|214v"
									},
								
									{
									"line" : "CI_p_002|par 2",
									"text" : "In eterni Dei nomine, amen. Quemadmodum in instrumento publico manu Bartholomei notarii confecto, quod ego Confortus notarius vidi et legi, continebatur, dominus Pipinus, Dei gratia olim Lunensis episcopus, renovellavit, fecit et firmavit per se et successores suos, consilio curie, tale pactum et talem constitutionem quale et qualem fecerat dominus Albertus, bone memorie Lunensis episcopus, predecessor suus, cum operariis omnibus de curte Sarzanei Sarzanei: così nel testo.. Uterque enim eorum, velut in eodem instrumento legebatur, condonavit et remisit per se et suos successores omnibus suprascriptis operariis dona et opera atque quod nullus eorum cogatur ad canevam recipiendam nec ad castaldiam neque ad iscariam, nisi per voluntatem, excepto quod omni anno debet unus eorum esse iscarius, si fuerit voluntas episcopi, et debet suum feudum habere. Placita, districta, offensiones, amasiamenta omnia retinuerunt in se et successores suos predicti domini episcopi et pro suprascripto pacto et conventione debent suprascripti operarii omni anno dare viginti modia frumenti mundi et deferre usque ad canevam vel ad granarium et centum congia vini ad palmentum et deferre usque in canevam et debent laborare bradias et cafadium et reddere medietatem curie et portare usque in canevam. Et episcopus debet eis dare bestias ad socerandum et ipsi debent socerare; et, si non habuerint bestias ad socerandum, non debent dare nisi terciam partem bradiarum, et si restopplaverint, terciam partem reddere debent; fenum de prato debent portare ad fenile et debent bis in die comedere panem frumenti et vinum, caseum, et episcopus debet facere coadunare fenum in prato; et alios attractus debent facere, scilicet panem et vinum, carnes et annonam et fruges, de curte de Soleria, de curte de Bolano, de curte de Carraria, de curte de Luna ad Sarzanam vel ad Ameliam, et semel in die comedere. Pro facto pape vel imperatoris vel cardinalis vel cancellarii debent facere attractus, si opus fuerit, per totum episcopatum; si pro facto pape vel imperatoris vel guerre alii homines communiter dederint, atque ipsi dare debent. Cum autem hec omnia suprascripta in predicto instrumento continerentur:",
									"tags" : "CI_128|CI 128",
									"loc" : "fol_214v|214v"
									},
								
									{
									"line" : "CI_p_003|par 3",
									"text" : "§ Nos Gualterius, Dei gratia Lunensis episcopus, consilio Gerardi, vicedomini nostri, quondam Alberti vicedomini, nobiscum presentis, renovamus, facimus et confirmamus",
									"tags" : "CI_128|CI 128",
									"loc" : "fol_214v|214v"
									},
								
									{
									"line" : "CI_p_003|par 3",
									"text" : "predicta pacta et conventiones et constitutiones, addendo tamen et minuendo et mutando seu commutando quedam ex ipsis, prout dicetur inferius, pro bono et utilitate atque melioramento nostri episcopatus et nostre curie. Et hanc renovationem atque confirmationem et commutationem et hec omnia que infra leguntur, facimus infrascriptis et cum infrascriptis operariis, recipientibus pro se et omnibus aliis operariis de curte Sarzane et suo et eorum nomine per nos et nostros successores. Quorum operariorum nomina sunt hec: Vernacius quondam Guilielmi de Cantio, Ramundinus quondam Guidonis de Opizo, Bonavere quondam Macognani, Compagnonus de Bertoloto, Formentinus quondam Rafanini, Ricius quondam Bottocii de Oliveto, Sabbatinus quondam Albertacii, Vitalis quondam Boneti, Baldinotus de Pulica, Compagnus, Sarzanensis quondam Gandolfi, Ramondinus quondam Formentini de Corciola, Thodescus quondam Bonizi, Martinus quondam Guerini, Symonetus quondam Gerardini de Terriola, Gerardinus quondam Bettotii, Bonencontrus Ottoboni, Vitalis de Donnolina, Vitalis de Beagua, Burgensis de Pulica, Oliverius de Canale Iannis, Vitaletus de Bonno, Amicus quondam Aicardini, Attolinus de Gualdo, Morengnolus quondam Gerardini de Terria, Buiardus quondamquondam: nel testo segue depennato ed espunto de Gerardini de Bonfante, Paganinus quondam Boni de Oliveto, Fancinellus quondam Rafanini, Guilielmus quondam Martinelli de Rafanino, Vitalis quondam Vindemioli de Tortiliano, Bernardus quondam Rafanini, Bellandus quondam Vitalis escarii, Vitalis quondam Belseris, Guido de Montedarmo quondam Dominici, Galopinus quondam Ricii de Montedarmo, TrampuliusTrampulius: T corretta su precedente B quondam Dominici cortesiani, Salvus quondam Carençoli, Bonensegna quondam Rainerii de Cortiola, Botrigellus quondam Fantinelli de Monçolono, Ugolinusfrater eius, Bernardus quondam Moregnoli, Rollandinus quondam Gualdi, Arnaldus quondam Ugolini, Rollandinus de Montecello, Iuncta de Terria, Iuncta quondam Guilielmini de Serraursi, Forinus quondam Ugolini de Pilato, Persona quondam Ubertini de Seraursi, Romeus quondam Vitalis escarii, Sabbatinus de Serraursi, Rollandinus quondam Guilielmini, Vivianus quondam Bosi, Bonavia quondam Dominici de Montedarmo, Bonencontrus quondam Sarzanelli, Bonsegnus quondam Gerardini de Bonfante, Sabbatinus quondam Durantis Ravolati, Henricus quondam Boni de Vignola, Alçadellus quondam Araldi, Rustigellus quondam Vitalis escarii, Gerardus quondam Gerardini, Tiniosus frater eius, Pasqualinus de Brasile, Castellanus de Monti, Gerardinus de Guitone.",
									"tags" : "CI_128|CI 128",
									"loc" : "fol_215r|215r"
									},
								
									{
									"line" : "CI_p_004|par 4",
									"text" : "§ Remittimus enim nos suprascriptus episcopus atque condonamus omnibus suprascriptis hominibus, recipientibus pro se et omnibus aliis operariis de curte Sarzane et suis et eorum heredibus suoque et eorum nomine, per nos et successores nostros, de hiis que in prefacto instrumento manu Bartholomei notarii scripto continebantur, ut de cetero non debeant nec teneantur portare fenum ad fenile neque",
									"tags" : "CI_128|CI 128",
									"loc" : "fol_215r|215r"
									},
								
									{
									"line" : "CI_p_004|par 4",
									"text" : "facere attractusattractus: nel testo la terza t corretta su l, scilicet panem aut vinum vel carnes vel annonam seu fruges, de curte de Soleria vel de curte de Bolano aut de curte de Carraria seu de curte de Luna ad Sarzanam vel ad Ameliam, set pro facto pape et imperatoris vel cardinalis vel cancellarii debeant facere attractus, si opus fuerit, per totum episcopatum de pane, vino, carne, annona et frugibus tantum; et insuper pro facto pape et imperatoris vel guerre debent dare, si alii homines communiter dederint. Placita vero et districta, offensiones et amasiamenta omnia retinemus in nos et nostros successores, sicut fecerunt predecessores nostri. De facto vero bradiarum et cafagii et iscarie et castaldie sit sicut in predicto instrumento continebatur. Verumptamen pro predictis omnibus que eis remittimus et condonamus et facimus debeant dare curie nostre annuatim illud affictum quod in dicto instrumento continebatur et soliti fuerant, et tantum amplius quod frumentum sit modia viginti tria, ad staria viginti per modium ad starium quod nunc currit, et vinum debeat esse congia centum, ad congium quod nunc currit, atque ordeum debeat esse tantum quantum erat prius, set debet dari de cetero ad starium quod nunc currit, et starium vel congium quod nunc currit numquam crescere debeat nec minui, set sicut in eodem statu perpetuo permanere, et totum hoc affictum deferatur ad granarium et ad canevam nostram de Sarzana; frumentum detur per totum augustum mundum et siccum omni anno et vinum ad palmentum. Omnes suprascripti homines ad sancta Dei evangelia iuraverunt dare annuatim curie totum illud quod additum est in predicto afficto secundum quod cuilibet pro sua contingerit portione. Et si aliquis foretanus de cetero intraverit in aliquo podere alicuius operariorum, debeat iurare dare curie semper totum affictum illius poderis ad voluntatem domini episcopi atque stare precise habitator in castro Sarzani. Ad horum quoque omnium confirmationem confitemur nos recepisse ab omnibus predictis operariis bonorum imperialium libras viginti, renuntiando exceptioni non numerate pecunie, quos et nos et dictus Gerardus, vicedominus noster, atque ipsimet operarii predicti confitemur fore datos et spenditos in expignoranda curia de Bolano, que cuidam Iuncte de Vallerano fuerat nomine pignoris obligata. Sub pena centum librarum imperialium. Promiserunt sibi ad invicem contrahentes hec omnia rata habere, attendere et observare et in nullo contravenire, rato manente pacto, post penam solutam parti fidem servanti ab altera parte, obligando dominus episcopus se et suos successores et predicti operarii se atque alios pro quibus hec faciebant et suos et eorum heredes, et ita sibi ad invicem, ut supra legitur, per omnia et in omnibus sunt stipulantistipulanti: così nel testo. antedicti contrahentes.",
									"tags" : "CI_128|CI 128",
									"loc" : "fol_215v|215v"
									},
								
									{
									"line" : "CI_p_004|par 4",
									"text" : "",
									"tags" : "CI_128|CI 128",
									"loc" : "fol_216r|216r"
									},
								
									{
									"line" : "CI_p_005|par 5",
									"text" : "Acta sunt hec omnia in palatio castri de Sarzana, anno a nativitate Domini M°CCXII, indictione XV, die lune, secundo intrante mense aprilis, sollempniter. Ibi fuerunt rogati testes presbyter Bonaiuncta de eodem castro, Armanus dyaconus atque plebanus de Amelia, Gibertinus quondam CodeindeiCodeindei così nel testo per Code Iudei (cfr. doc. 160-CXXXIV). de Burtione, Aldebrandetus de Soleria filius Guidolini de Fossato, Assalitus quondam Tiniosi de sancto Stephano et Vescontinus quondam Bonencontri de Trebiano.",
									"tags" : "CI_128|CI 128",
									"loc" : "fol_216r|216r"
									},
								
									{
									"line" : "CI_p_006|par 6",
									"text" : "§ Sequenti proximo die martis, tercio eiusdem mensis, in eodem castro, in domo Ferrini, in presentia Vivaldi filii Ferrini et Bonacursi filii Albertini de Nobelino, rogatorum testium. Alcarinus quondam Folcerii, pro se et investitus a Gerardo quondam Bellandini de Oliveto, Alberto quondam Nobelini, Baroncello fratre eius, Nicolosio quondam Claramici de Orto, Rainerio quondam Aicardini de Orto, Datio genero quondam Rodolfini, Gerardo quondam Rollandini de Masio, Segnoreto quondam Rainerii de Cortiola, Spinello quondam Baldicioni de Ponzanello, Guilielmo quondam Patiti de Ortale, Melanesi quondam Grossoli de Platia et Amiliarino filio Parluntii, et supra suam et eorum animam iuravit et pariter cum omnibus eis promisit Tinioso de Maroalco et Ferrino, recipientibus pro dicto domino episcopo et suis successoribus, omnia que superius leguntur, prout suprascripti omnes alii operarii iuraverunt et promiserunt, perpetuo rata habere, attendere et observare atque in nullo contravenire simul atque quisque pro se, approbantes totum et quicquid predicti fecerant cum dicto domino episcopo, ut supra legitur, obligando etiam se suosque heredes, sicut predicti fecerant et ad eamdem penam. Ego Confortus, sacri palatii et Lunensis curie notarius, hiis omnibus interfui rogatus et de voluntate contrahentium de isto contractu plures cartas uno tenore scripsi.",
									"tags" : "CI_128|CI 128",
									"loc" : "fol_216r|216r"
									},
								
									{
									"line" : "CI_p_007|par 7",
									"text" : "Ego Pinosius nomine Iacopinus, Romanorum imperatoris notarius, auttenticum huius exempli vidi et legi et ut in eo continebatur in hoc scripsi, nichil addens vel minuens quod mutet sensum vel minuat intellectum.",
									"tags" : "CI_128|CI 128",
									"loc" : "fol_216r|216r"
									},
								
									{
									"line" : "CI_p_008|par 8",
									"text" : "Ego Prefectus, domini imperatoris atque Lunensis curie notarius, huius exempli autenticum vidi atque legi et in eo subscripsi, signum proprium apponendo.",
									"tags" : "CI_128|CI 128",
									"loc" : "fol_216r|216r"
									},
								
									{
									"line" : "CI_p_009|par 9",
									"text" : "Ego Bonencontrus de Soleria, aule sacre notarius, auttenticum huius exempli vidi et legi, in quo continetur ut in isto legitur, atque rogatus subscripsi, signum proprium apponendo.",
									"tags" : "CI_128|CI 128",
									"loc" : "fol_216r|216r"
									},
								
				{
				"line" : "",
				"text" : "",
				"tags" : "",
				"loc" : ""
				}]}
			